sequence,frame,pred_index,gt_person,temporal_applied,base_pa_mpjpe_mm,base_mpjpe_mm,base_pve_mm,base_pa_pve_mm,base_metric_mpjpe_mm,base_metric_pve_mm,base_root_error_mm,temporal_pa_mpjpe_mm,temporal_mpjpe_mm,temporal_pve_mm,temporal_pa_pve_mm,temporal_metric_mpjpe_mm,temporal_metric_pve_mm,temporal_root_error_mm
downtown_arguing_00,0,0,0,0,26.271135330200195,36.608524322509766,44.28611373901367,35.55952453613281,67.80883026123047,76.69194030761719,69.3100814819336,26.271135330200195,36.608524322509766,44.28611373901367,35.55952453613281,67.80883026123047,76.69194030761719,69.3100814819336
downtown_arguing_00,0,1,1,0,27.986072540283203,58.49463653564453,62.20523452758789,28.350196838378906,66.21424865722656,68.8381576538086,25.295787811279297,27.986072540283203,58.49463653564453,62.20523452758789,28.350196838378906,66.21424865722656,68.8381576538086,25.295787811279297
downtown_arguing_00,1,0,0,0,26.819622039794922,35.85914993286133,45.158599853515625,36.36551284790039,69.96851348876953,79.75157928466797,68.11512756347656,26.819622039794922,35.85914993286133,45.158599853515625,36.36551284790039,69.96851348876953,79.75157928466797,68.11512756347656
downtown_arguing_00,1,1,1,0,27.113876342773438,59.740535736083984,63.44583511352539,28.607053756713867,72.33197784423828,75.26908111572266,36.17568588256836,27.113876342773438,59.740535736083984,63.44583511352539,28.607053756713867,72.33197784423828,75.26908111572266,36.17568588256836
downtown_arguing_00,2,0,0,0,27.972131729125977,36.363494873046875,46.78614044189453,37.53121566772461,72.08615112304688,82.36640167236328,69.21160888671875,27.972131729125977,36.363494873046875,46.78614044189453,37.53121566772461,72.08615112304688,82.36640167236328,69.21160888671875
downtown_arguing_00,2,1,1,0,26.459064483642578,55.74497604370117,59.0162467956543,29.08485221862793,68.2691879272461,71.07377624511719,35.1660270690918,26.459064483642578,55.74497604370117,59.0162467956543,29.08485221862793,68.2691879272461,71.07377624511719,35.1660270690918
downtown_arguing_00,3,0,0,0,28.366273880004883,36.9786491394043,48.41400146484375,38.09317398071289,71.3884506225586,82.28302764892578,65.76219940185547,28.366273880004883,36.9786491394043,48.41400146484375,38.09317398071289,71.3884506225586,82.28302764892578,65.76219940185547
downtown_arguing_00,3,1,1,0,26.263565063476562,54.06563949584961,57.28846740722656,29.66232681274414,65.00735473632812,67.88957977294922,32.613189697265625,26.263565063476562,54.06563949584961,57.28846740722656,29.66232681274414,65.00735473632812,67.88957977294922,32.613189697265625
downtown_arguing_00,4,0,0,1,28.847576141357422,37.90499496459961,50.50895690917969,38.622833251953125,68.89812469482422,80.80221557617188,60.589576721191406,28.845121383666992,37.90005111694336,50.495887756347656,38.62224197387695,68.89276123046875,80.79261016845703,60.59303283691406
downtown_arguing_00,4,1,1,1,26.603002548217773,55.675819396972656,59.05384826660156,30.29192352294922,62.43073654174805,65.354248046875,26.867286682128906,26.601797103881836,55.68167495727539,59.06051254272461,30.295358657836914,62.4380989074707,65.36772918701172,26.86703109741211
downtown_arguing_00,5,0,0,1,29.091108322143555,38.50324630737305,51.27914810180664,38.9871711730957,69.22895812988281,81.38407135009766,59.940799713134766,29.091236114501953,38.49518585205078,51.2819938659668,38.989437103271484,69.22235107421875,81.38379669189453,59.9349365234375
downtown_arguing_00,5,1,1,1,27.077329635620117,58.522789001464844,61.588966369628906,30.828649520874023,67.65094757080078,70.74581909179688,31.89423370361328,27.077835083007812,58.492244720458984,61.54301071166992,30.802684783935547,67.63467407226562,70.71119689941406,31.899038314819336
downtown_arguing_00,6,0,0,1,29.1934757232666,38.40705871582031,52.2648811340332,39.46030807495117,72.81977081298828,85.4345474243164,63.524505615234375,29.19741439819336,38.41587448120117,52.26213455200195,39.45558547973633,72.82455444335938,85.43477630615234,63.52919387817383
downtown_arguing_00,6,1,1,1,27.15302085876465,57.69093322753906,60.724578857421875,30.67995834350586,71.96324920654297,75.40345001220703,39.37489700317383,27.12635612487793,57.72057342529297,60.76150894165039,30.686094284057617,71.95623016357422,75.41160583496094,39.36832809448242
downtown_arguing_00,7,0,0,1,29.782211303710938,39.294734954833984,53.10967254638672,39.95954513549805,71.47964477539062,84.4765396118164,60.628639221191406,29.777984619140625,39.294681549072266,53.11024475097656,39.96065902709961,71.48143005371094,84.47418212890625,60.630882263183594
downtown_arguing_00,7,1,1,1,25.74471092224121,59.06861114501953,61.558109283447266,30.187442779541016,69.6176528930664,72.97903442382812,34.90849685668945,25.759126663208008,59.047664642333984,61.54430389404297,30.195693969726562,69.60740661621094,72.97039031982422,34.91090393066406
downtown_arguing_00,8,0,0,1,29.73853874206543,39.89442443847656,53.226043701171875,40.05202102661133,70.6061019897461,83.32604217529297,59.08295822143555,29.74014663696289,39.88984298706055,53.22979736328125,40.052371978759766,70.60092163085938,83.32588958740234,59.07569122314453
downtown_arguing_00,8,1,1,1,25.423757553100586,58.778106689453125,61.17621994018555,30.307252883911133,68.53034210205078,71.60852813720703,32.93821334838867,25.427698135375977,58.789649963378906,61.18784713745117,30.30902862548828,68.53658294677734,71.61346435546875,32.93696594238281
downtown_arguing_00,9,0,0,1,29.670848846435547,39.7156982421875,53.3784065246582,39.91011428833008,68.05194854736328,81.08452606201172,55.902099609375,29.67320442199707,39.70919418334961,53.3698844909668,39.91621017456055,68.04978942871094,81.08187103271484,55.90345001220703
downtown_arguing_00,9,1,1,1,25.676504135131836,59.26179504394531,61.90302276611328,30.565364837646484,68.84423828125,71.93766021728516,33.14078140258789,25.67974281311035,59.262359619140625,61.90448760986328,30.567121505737305,68.84363555908203,71.93909454345703,33.14199447631836
downtown_arguing_00,10,0,0,1,29.76463508605957,39.15646743774414,53.075809478759766,40.275428771972656,71.14498138427734,84.02935028076172,60.056060791015625,29.759672164916992,39.164119720458984,53.09016799926758,40.26667404174805,71.1511459350586,84.04535675048828,60.05180740356445
downtown_arguing_00,10,1,1,1,26.66048240661621,60.09083557128906,63.111209869384766,31.274106979370117,67.84967803955078,70.99555969238281,30.721759796142578,26.64405059814453,60.06526565551758,63.07778549194336,31.26292610168457,67.83272552490234,70.97323608398438,30.724960327148438
downtown_arguing_00,11,0,0,1,29.592742919921875,39.25257873535156,53.88465881347656,40.04589080810547,71.8546371459961,85.42591094970703,60.316490173339844,29.595552444458008,39.26382827758789,53.89246368408203,40.05152893066406,71.86814880371094,85.43391418457031,60.32354736328125
downtown_arguing_00,11,1,1,1,25.736793518066406,58.39196014404297,61.254364013671875,30.72841453552246,66.38880157470703,69.5009765625,30.702804565429688,25.737789154052734,58.39350128173828,61.2564811706543,30.726085662841797,66.38970184326172,69.5037612915039,30.701093673706055
downtown_arguing_00,12,0,0,1,29.485977172851562,40.17977523803711,55.28496170043945,40.16309356689453,71.35515594482422,85.4970703125,58.74101257324219,29.483184814453125,40.16361618041992,55.265907287597656,40.15457534790039,71.33662414550781,85.47856903076172,58.73701858520508
downtown_arguing_00,12,1,1,1,25.146259307861328,57.24726486206055,59.89506530761719,30.148544311523438,64.7603530883789,67.74175262451172,28.99459457397461,25.16273307800293,57.262359619140625,59.91657638549805,30.16433334350586,64.76518249511719,67.74622344970703,28.99362564086914
downtown_arguing_00,13,0,0,1,29.23472785949707,39.657649993896484,55.18084716796875,39.7888069152832,68.73709106445312,83.48983764648438,55.7624397277832,29.235530853271484,39.65750503540039,55.18425369262695,39.79438400268555,68.738037109375,83.49065399169922,55.761383056640625
downtown_arguing_00,13,1,1,1,26.31465721130371,58.347137451171875,61.04163360595703,31.16439437866211,67.2071762084961,69.96195220947266,32.55073547363281,26.30350685119629,58.34626388549805,61.035518646240234,31.148832321166992,67.21934509277344,69.97747802734375,32.549537658691406
downtown_arguing_00,14,0,0,1,28.950672149658203,39.2485466003418,55.173648834228516,39.621280670166016,68.47962951660156,83.4914779663086,55.887794494628906,28.95168685913086,39.248504638671875,55.17216491699219,39.6185302734375,68.48379516601562,83.49678039550781,55.88890075683594
downtown_arguing_00,14,1,1,1,26.473217010498047,59.49280548095703,62.35192108154297,31.097942352294922,66.60814666748047,69.61509704589844,29.377769470214844,26.461925506591797,59.446495056152344,62.302791595458984,31.08795738220215,66.56713104248047,69.5698471069336,29.385330200195312
downtown_arguing_00,15,0,0,1,29.07222557067871,39.17959213256836,55.459991455078125,39.549644470214844,71.28182220458984,86.60494995117188,58.89918518066406,29.071060180664062,39.17634582519531,55.46284103393555,39.5557746887207,71.28263092041016,86.60775756835938,58.90420913696289
downtown_arguing_00,15,1,1,1,25.63020133972168,56.98046112060547,59.4570198059082,30.291852951049805,64.80722045898438,67.69526672363281,30.37942123413086,25.637907028198242,57.01155090332031,59.49559020996094,30.305713653564453,64.8265151977539,67.72049713134766,30.37325668334961
downtown_arguing_00,16,0,0,1,29.094274520874023,38.59749221801758,55.0481071472168,39.71503448486328,70.3894271850586,85.82662963867188,57.783424377441406,29.096637725830078,38.5957145690918,55.04567337036133,39.718666076660156,70.38008880615234,85.81697845458984,57.780784606933594
downtown_arguing_00,16,1,1,1,26.01445960998535,58.19050598144531,60.77002716064453,30.750791549682617,67.54440307617188,70.56971740722656,34.32669448852539,26.009477615356445,58.188743591308594,60.76112365722656,30.74330711364746,67.5542984008789,70.57416534423828,34.32678985595703
downtown_arguing_00,17,0,0,1,29.386577606201172,37.804893493652344,54.515323638916016,40.187984466552734,71.9157485961914,87.41244506835938,60.78846740722656,29.384180068969727,37.810997009277344,54.518157958984375,40.18560791015625,71.92230224609375,87.41527557373047,60.78978729248047
downtown_arguing_00,17,1,1,1,25.954622268676758,58.72151184082031,60.900718688964844,30.492794036865234,69.90315246582031,72.87454223632812,37.47014617919922,25.95946502685547,58.704402923583984,60.888301849365234,30.4942684173584,69.88447570800781,72.85842895507812,37.47224807739258
downtown_arguing_00,18,0,0,1,29.804065704345703,38.07002258300781,54.47844696044922,40.595767974853516,79.08319091796875,93.86083221435547,69.15570831298828,29.802433013916016,38.06394958496094,54.476993560791016,40.595314025878906,79.08125305175781,93.86306762695312,69.15299987792969
downtown_arguing_00,18,1,1,1,26.216602325439453,57.80904006958008,59.88047409057617,30.4361515045166,65.90650177001953,68.24200439453125,31.353492736816406,26.213134765625,57.80324172973633,59.87190246582031,30.43781280517578,65.90324401855469,68.23714447021484,31.35453987121582
downtown_arguing_00,19,0,0,1,29.72115135192871,37.42617416381836,53.909793853759766,40.65680694580078,79.93235778808594,94.66852569580078,70.85216522216797,29.719799041748047,37.426856994628906,53.91392135620117,40.65332794189453,79.93827056884766,94.6792221069336,70.85419464111328
downtown_arguing_00,19,1,1,1,25.88336181640625,55.78746795654297,57.50387191772461,30.284399032592773,62.448123931884766,64.38960266113281,28.403076171875,25.889841079711914,55.8171501159668,57.54240417480469,30.292869567871094,62.46763610839844,64.4154052734375,28.39896011352539
downtown_arguing_00,20,0,0,1,29.373779296875,37.053382873535156,54.03739547729492,40.40351104736328,87.83507537841797,102.9946060180664,80.20140075683594,29.373912811279297,37.05744552612305,54.03480911254883,40.40309524536133,87.83253479003906,102.98455047607422,80.20286560058594
downtown_arguing_00,20,1,1,1,26.458126068115234,57.59645462036133,59.43737030029297,31.140663146972656,65.3156967163086,67.42948150634766,32.27421188354492,26.463380813598633,57.58369064331055,59.42384338378906,31.147783279418945,65.30836486816406,67.42346954345703,32.27637481689453
downtown_arguing_00,21,0,0,1,29.049095153808594,36.56793212890625,53.08960723876953,40.10669708251953,80.65338897705078,95.44719696044922,72.55146789550781,29.0501708984375,36.56777572631836,53.08816909790039,40.10570526123047,80.65890502929688,95.45533752441406,72.55101013183594
downtown_arguing_00,21,1,1,1,27.061288833618164,57.77619934082031,59.410770416259766,31.84168815612793,64.60127258300781,66.2575454711914,30.351171493530273,27.037403106689453,57.75504684448242,59.37830352783203,31.810108184814453,64.58600616455078,66.2305908203125,30.35310173034668
downtown_arguing_00,22,0,0,1,28.934240341186523,36.365909576416016,52.902008056640625,40.13099670410156,81.6266860961914,96.53594207763672,73.44965362548828,28.932947158813477,36.367897033691406,52.90380096435547,40.126895904541016,81.61714935302734,96.5263900756836,73.4466323852539
downtown_arguing_00,22,1,1,1,26.346561431884766,56.19900894165039,56.9629020690918,31.00725555419922,63.8997688293457,65.05010986328125,31.94862174987793,26.358871459960938,56.19361877441406,56.962257385253906,31.017627716064453,63.89610290527344,65.04947662353516,31.94797134399414
downtown_arguing_00,23,0,0,1,28.531105041503906,36.430816650390625,53.017234802246094,39.48198699951172,90.9975357055664,106.02850341796875,84.97096252441406,28.530214309692383,36.409793853759766,53.003929138183594,39.48686599731445,90.9895248413086,106.02235412597656,84.96925354003906
downtown_arguing_00,23,1,1,1,26.17130470275879,53.51637268066406,54.09143829345703,30.615583419799805,56.11090087890625,56.63151168823242,19.880901336669922,26.17148780822754,53.551700592041016,54.12766647338867,30.623178482055664,56.14035415649414,56.66225814819336,19.882978439331055
downtown_arguing_00,24,0,0,1,28.258255004882812,34.68648147583008,51.33441162109375,39.087955474853516,90.29546356201172,105.5813217163086,85.12538146972656,28.25754737854004,34.69925308227539,51.3464469909668,39.088985443115234,90.30191802978516,105.58805847167969,85.128173828125
downtown_arguing_00,24,1,1,1,25.452255249023438,53.502017974853516,53.447757720947266,29.615976333618164,60.487281799316406,60.8742561340332,29.648168563842773,25.458892822265625,53.46503448486328,53.397403717041016,29.5976505279541,60.46207809448242,60.83219909667969,29.646820068359375
downtown_arguing_00,25,0,0,1,27.97883415222168,34.22366714477539,50.73163986206055,38.75185012817383,90.58551788330078,105.95609283447266,85.79822540283203,27.980335235595703,34.22166061401367,50.73130416870117,38.75383377075195,90.58783721923828,105.95779418945312,85.79727935791016
downtown_arguing_00,25,1,1,1,24.729143142700195,50.18384552001953,49.79332733154297,28.91290855407715,55.55979919433594,55.51133346557617,24.70166015625,24.73223114013672,50.204158782958984,49.82374954223633,28.914257049560547,55.57435607910156,55.531768798828125,24.696619033813477
downtown_arguing_00,26,0,0,1,27.850990295410156,33.510501861572266,49.99265670776367,38.57157897949219,94.9295425415039,110.13410949707031,90.37454986572266,27.85198402404785,33.514984130859375,49.99052047729492,38.56840515136719,94.9419937133789,110.14625549316406,90.37874603271484
downtown_arguing_00,26,1,1,1,24.608951568603516,48.639652252197266,48.54887008666992,28.227413177490234,52.07801818847656,52.09752655029297,20.281938552856445,24.611560821533203,48.604679107666016,48.5068244934082,28.229034423828125,52.03691864013672,52.05443572998047,20.294103622436523
downtown_arguing_00,27,0,0,1,27.893184661865234,32.918212890625,48.525760650634766,38.278602600097656,88.9318618774414,103.71337890625,83.33854675292969,27.892520904541016,32.916629791259766,48.533836364746094,38.28500747680664,88.91946411132812,103.70638275146484,83.33583068847656
downtown_arguing_00,27,1,1,1,24.546493530273438,45.66960906982422,45.40347671508789,27.628618240356445,52.10564422607422,52.06639099121094,24.363706588745117,24.537094116210938,45.669578552246094,45.4013557434082,27.619657516479492,52.109153747558594,52.071929931640625,24.362539291381836
downtown_arguing_00,28,1,1,1,23.90696907043457,43.06249237060547,42.18732452392578,26.468490600585938,58.48529815673828,59.01372146606445,34.71137619018555,23.905134201049805,43.07997131347656,42.21100997924805,26.48308753967285,58.48115539550781,59.010650634765625,34.70585250854492
downtown_arguing_00,28,0,0,1,27.898548126220703,32.547855377197266,47.9970588684082,38.4511604309082,98.59587860107422,113.32325744628906,93.82937622070312,27.898286819458008,32.546451568603516,47.991703033447266,38.44889450073242,98.608642578125,113.3301010131836,93.832275390625
downtown_arguing_00,29,1,1,1,22.82122802734375,41.739501953125,40.870361328125,26.137094497680664,52.011802673339844,52.107112884521484,26.67804527282715,22.83490753173828,41.72657012939453,40.85969543457031,26.140214920043945,52.01221466064453,52.10635757446289,26.685958862304688
downtown_arguing_00,29,0,0,1,27.8353214263916,31.97571563720703,46.66143798828125,38.29526901245117,100.49470520019531,114.69734191894531,95.90398406982422,27.831125259399414,31.972036361694336,46.660003662109375,38.28853988647461,100.4800796508789,114.68362426757812,95.89730834960938
downtown_arguing_00,30,0,0,1,27.263938903808594,31.106260299682617,45.52042770385742,37.44533157348633,100.2598648071289,114.3869857788086,96.46246337890625,27.26583480834961,31.108434677124023,45.51814651489258,37.44556427001953,100.2689208984375,114.39545440673828,96.4647445678711
downtown_arguing_00,30,1,1,1,23.285728454589844,40.551422119140625,40.13507080078125,26.56899642944336,52.96416473388672,53.308876037597656,27.829240798950195,23.28131675720215,40.567970275878906,40.116432189941406,26.52731704711914,52.963233947753906,53.28303527832031,27.819671630859375
downtown_arguing_00,31,1,1,1,23.10603904724121,39.78593063354492,39.85498046875,26.356855392456055,48.3819465637207,48.63915252685547,22.454587936401367,23.10689926147461,39.778141021728516,39.8741569519043,26.385522842407227,48.37290954589844,48.654239654541016,22.459348678588867
downtown_arguing_00,31,0,0,1,27.021690368652344,30.609098434448242,44.068824768066406,36.75020217895508,99.27052307128906,112.83908081054688,96.02625274658203,27.028053283691406,30.61471939086914,44.08349609375,36.7590446472168,99.28353118896484,112.86030578613281,96.0268325805664
downtown_arguing_00,32,1,1,1,23.44430923461914,39.555824279785156,39.84593200683594,26.220766067504883,49.60016632080078,50.28702163696289,24.66519546508789,23.448949813842773,39.56455612182617,39.85334396362305,26.22428321838379,49.61119079589844,50.299293518066406,24.661094665527344
downtown_arguing_00,32,0,0,1,27.843889236450195,31.69866943359375,44.57462692260742,37.04817581176758,110.62346649169922,123.64130401611328,105.9985580444336,27.829151153564453,31.684160232543945,44.5427131652832,36.96664047241211,110.50074005126953,123.57483673095703,106.00469970703125
downtown_arguing_00,33,1,1,1,24.603267669677734,40.53071212768555,40.851715087890625,26.705188751220703,49.87533187866211,50.73404312133789,24.352895736694336,24.60413360595703,40.52043533325195,40.8545036315918,26.723583221435547,49.87012481689453,50.73634719848633,24.35994529724121
downtown_arguing_00,33,0,0,1,27.136165618896484,31.575199127197266,44.194183349609375,35.86597442626953,118.20795440673828,130.46046447753906,110.91606140136719,27.132272720336914,31.574838638305664,44.19755935668945,35.86565399169922,118.22521209716797,130.47698974609375,110.91361999511719
downtown_arguing_00,34,1,1,1,25.95999526977539,40.83702850341797,42.13046646118164,28.694568634033203,55.55167007446289,58.210880279541016,30.868722915649414,25.961271286010742,40.850589752197266,42.13169860839844,28.664358139038086,55.562278747558594,58.20671081542969,30.860864639282227
downtown_arguing_00,34,0,0,1,26.713651657104492,32.439292907714844,45.347286224365234,35.0467529296875,125.20001983642578,137.16810607910156,113.61397552490234,26.718368530273438,32.419429779052734,45.355525970458984,35.1059684753418,125.23567962646484,137.18875122070312,113.61141204833984
downtown_arguing_00,35,1,1,1,27.376449584960938,41.7314567565918,44.00025177001953,30.17454719543457,55.619075775146484,59.04278564453125,30.104095458984375,27.363723754882812,41.71973419189453,43.97966003417969,30.16274642944336,55.599700927734375,59.016822814941406,30.102638244628906
downtown_arguing_00,35,0,0,1,27.898754119873047,34.169227600097656,47.47147750854492,36.06644821166992,127.50038146972656,139.8456573486328,113.8633804321289,27.878299713134766,34.1664924621582,47.44936752319336,36.01636505126953,127.45681762695312,139.80984497070312,113.87104034423828
downtown_arguing_00,36,1,1,1,28.533538818359375,42.601253509521484,45.099693298339844,31.4405517578125,55.74361801147461,59.43204879760742,28.743911743164062,28.539766311645508,42.60295486450195,45.096580505371094,31.447805404663086,55.75376892089844,59.44276809692383,28.746999740600586
downtown_arguing_00,36,0,0,1,27.632205963134766,35.33556365966797,47.605709075927734,35.478519439697266,122.63887786865234,134.2844696044922,108.15250396728516,27.340953826904297,35.1238899230957,47.52238845825195,35.572872161865234,122.99271392822266,134.48890686035156,108.13203430175781
downtown_arguing_00,37,1,1,1,29.63869857788086,42.89286804199219,45.39215087890625,32.83909225463867,62.28729248046875,66.88225555419922,35.250179290771484,29.62624740600586,42.88669967651367,45.39131546020508,32.82612991333008,62.269161224365234,66.86708068847656,35.246978759765625
downtown_arguing_00,37,0,0,1,27.52992057800293,35.706546783447266,47.68317794799805,35.04419708251953,125.80862426757812,137.4454345703125,114.1590576171875,27.517288208007812,35.689720153808594,47.64352035522461,35.01427459716797,125.88733673095703,137.5030517578125,114.176513671875
downtown_arguing_00,38,1,1,1,30.327613830566406,43.72283172607422,46.434043884277344,34.28567886352539,69.99024963378906,75.80394744873047,42.947086334228516,30.31907844543457,43.712059020996094,46.42490005493164,34.28286361694336,69.98564147949219,75.79937744140625,42.948631286621094
downtown_arguing_00,38,0,0,1,27.278076171875,36.04317855834961,46.62556457519531,34.05974197387695,123.90240478515625,134.06491088867188,109.89344787597656,27.267118453979492,36.02873611450195,46.619327545166016,34.05769729614258,123.85924530029297,134.02664184570312,109.88534545898438
downtown_arguing_00,39,1,1,1,29.52358627319336,42.83097457885742,46.02834701538086,34.91432189941406,80.25520324707031,87.39273834228516,55.45914077758789,29.52403450012207,42.8564338684082,46.054107666015625,34.910194396972656,80.24886322021484,87.39939880371094,55.45347213745117
downtown_arguing_00,39,0,0,1,26.494115829467773,35.737953186035156,45.50276184082031,33.2779426574707,117.1682357788086,126.42857360839844,103.83711242675781,26.46396827697754,35.718292236328125,45.47527313232422,33.254791259765625,117.2178955078125,126.45649719238281,103.8380126953125
downtown_arguing_00,40,1,1,1,29.072765350341797,45.12076950073242,48.238922119140625,34.654029846191406,98.20266723632812,107.251708984375,75.22245025634766,29.133922576904297,45.16699981689453,48.27285385131836,34.7210578918457,98.24170684814453,107.2834243774414,75.23157501220703
downtown_arguing_00,40,0,0,1,26.35088539123535,35.71183776855469,44.112648010253906,32.794715881347656,116.3782730102539,124.50193786621094,102.490966796875,26.334604263305664,35.69746017456055,44.112571716308594,32.78956604003906,116.34477996826172,124.46219635009766,102.48331451416016
downtown_arguing_00,41,0,0,1,24.852916717529297,35.120670318603516,43.160728454589844,31.409896850585938,110.23869323730469,117.34324645996094,95.85987854003906,24.853652954101562,35.11205291748047,43.11332702636719,31.369897842407227,110.2227783203125,117.32110595703125,95.86395263671875
downtown_arguing_00,41,1,1,1,30.070331573486328,46.165565490722656,49.34770202636719,36.08321762084961,114.1762466430664,124.41568756103516,92.08588409423828,29.977540969848633,46.06343460083008,49.27263641357422,35.996002197265625,114.14738464355469,124.39317321777344,92.0809097290039
downtown_arguing_00,42,1,1,1,29.7159366607666,46.68227767944336,49.93517303466797,36.150543212890625,122.91099548339844,133.18484497070312,100.15071105957031,29.688751220703125,46.65001678466797,49.899436950683594,36.11985778808594,122.89178466796875,133.15126037597656,100.15038299560547
downtown_arguing_00,42,0,0,1,24.22995948791504,35.59128189086914,42.91033935546875,30.76544189453125,111.32475280761719,117.17513275146484,97.59078216552734,24.276777267456055,35.61988067626953,42.94039535522461,30.797136306762695,111.35443878173828,117.24143981933594,97.5888442993164
downtown_arguing_00,43,1,1,1,27.448158264160156,44.40895462036133,47.41557312011719,33.757808685302734,121.52847290039062,130.32041931152344,99.0992202758789,27.491500854492188,44.452415466308594,47.480316162109375,33.84711837768555,121.59585571289062,130.42115783691406,99.10748291015625
downtown_arguing_00,43,0,0,1,24.8550968170166,37.02207565307617,44.8664436340332,31.490705490112305,113.27378845214844,119.47405242919922,96.97039794921875,24.79994010925293,36.967105865478516,44.78103256225586,31.41818618774414,113.23778533935547,119.39787292480469,96.97908782958984
downtown_arguing_00,44,1,1,1,28.43819236755371,44.77533721923828,48.678871154785156,35.8277473449707,145.33346557617188,154.22642517089844,120.99913787841797,28.395299911499023,44.6981201171875,48.61369323730469,35.72879409790039,145.38363647460938,154.22738647460938,120.9864273071289
downtown_arguing_00,44,0,0,1,25.643138885498047,38.441593170166016,45.53542709350586,32.39453887939453,113.68016815185547,118.81255340576172,95.42269897460938,25.596899032592773,38.40159606933594,45.500892639160156,32.3590202331543,113.64005279541016,118.74859619140625,95.40895080566406
downtown_arguing_00,45,1,0,1,24.175033569335938,36.69682312011719,44.11162185668945,32.07946014404297,113.80728149414062,117.86885833740234,96.69979858398438,24.19076919555664,36.692134857177734,44.08286666870117,32.04366683959961,113.84807586669922,117.93982696533203,96.7285385131836
downtown_arguing_00,45,0,1,1,29.97763442993164,44.42719650268555,48.59169006347656,34.095611572265625,136.53758239746094,143.79010009765625,107.92161560058594,29.68132972717285,44.32429122924805,48.586326599121094,34.130306243896484,136.23634338378906,143.64476013183594,107.92598724365234
downtown_arguing_00,46,1,0,1,24.291257858276367,36.47134780883789,42.31633377075195,31.563642501831055,104.49235534667969,108.11882781982422,88.74681091308594,24.2720947265625,36.41139602661133,42.282806396484375,31.550273895263672,104.45915985107422,108.09510040283203,88.70109558105469
downtown_arguing_00,46,0,1,1,32.36026382446289,47.6346321105957,50.88814163208008,34.68274688720703,130.50657653808594,137.403564453125,98.18476104736328,32.28289794921875,47.54313659667969,50.832374572753906,34.657325744628906,130.44091796875,137.358154296875,98.19766998291016
downtown_arguing_00,47,1,0,1,23.64773941040039,34.660213470458984,40.82792282104492,30.951820373535156,120.36322021484375,123.60723114013672,105.29244232177734,23.65582275390625,34.67729187011719,40.84377670288086,30.966144561767578,120.35089874267578,123.59002685546875,105.31402587890625
downtown_arguing_00,47,0,1,1,32.72943115234375,47.837345123291016,50.57926940917969,34.1917839050293,126.41190338134766,132.80075073242188,93.62245178222656,32.70756912231445,47.82422637939453,50.569034576416016,34.17856216430664,126.41106414794922,132.79904174804688,93.61817169189453
downtown_arguing_00,48,1,0,1,23.87860107421875,33.74531936645508,39.848758697509766,31.221111297607422,120.77278137207031,123.6523666381836,108.39923095703125,23.874298095703125,33.76774978637695,39.8861083984375,31.245922088623047,120.84736633300781,123.72261810302734,108.39340209960938
downtown_arguing_00,48,0,1,1,32.19118881225586,47.512916564941406,48.722068786621094,32.565696716308594,127.13056945800781,131.3090362548828,93.30155944824219,32.17546463012695,47.51136016845703,48.747032165527344,32.56381607055664,127.12159729003906,131.3379364013672,93.29876708984375
downtown_arguing_00,49,1,0,1,23.735523223876953,33.49907684326172,40.34850311279297,31.901344299316406,122.63731384277344,124.84088134765625,110.18228912353516,23.73265266418457,33.46847915649414,40.354042053222656,31.916704177856445,122.60548400878906,124.8480224609375,110.17882537841797
downtown_arguing_00,49,0,1,1,31.368986129760742,47.99425506591797,49.56191635131836,31.903169631958008,128.92030334472656,133.6679229736328,94.81244659423828,31.36625099182129,47.98439025878906,49.55526351928711,31.890830993652344,128.91644287109375,133.66110229492188,94.81128692626953
downtown_arguing_00,50,1,0,1,23.499187469482422,32.9238166809082,41.32188034057617,32.38042068481445,117.86540222167969,121.1527099609375,105.25150299072266,23.512828826904297,32.93292999267578,41.32160949707031,32.382205963134766,117.90540313720703,121.18389129638672,105.2548828125
downtown_arguing_00,50,0,1,1,30.159210205078125,47.22934341430664,49.72386169433594,30.78309440612793,124.45842742919922,129.73533630371094,91.67444610595703,30.162025451660156,47.2309455871582,49.6882438659668,30.797914505004883,124.48267364501953,129.71359252929688,91.67747497558594
downtown_arguing_00,51,1,0,1,23.977964401245117,33.65492248535156,43.23020935058594,33.02107238769531,118.86199188232422,122.78597259521484,102.6633529663086,23.947641372680664,33.635311126708984,43.20091247558594,32.985111236572266,118.83787536621094,122.74446105957031,102.66814422607422
downtown_arguing_00,51,0,1,1,29.484189987182617,44.994815826416016,47.57704544067383,30.47451400756836,119.94461822509766,124.58084869384766,90.46266174316406,29.010421752929688,44.6602668762207,47.42130661010742,30.272235870361328,119.59211730957031,124.40013122558594,90.45342254638672
downtown_arguing_00,52,1,0,1,22.329021453857422,34.383827209472656,43.82155227661133,30.63938331604004,115.40975952148438,118.60272979736328,95.38761138916016,22.337352752685547,34.40483474731445,43.83254623413086,30.671995162963867,115.45183563232422,118.63330841064453,95.39006042480469
downtown_arguing_00,52,0,1,1,25.50251579284668,44.51484680175781,47.87700271606445,28.366676330566406,114.82777404785156,121.7950439453125,91.11514282226562,25.533449172973633,44.438533782958984,47.824825286865234,28.369068145751953,114.89009857177734,121.80935668945312,91.12309265136719
downtown_arguing_00,53,1,0,1,22.413742065429688,36.6108283996582,45.114227294921875,30.08774757385254,115.23217010498047,117.8444595336914,90.45106506347656,22.357906341552734,36.52537536621094,45.01582717895508,30.000125885009766,115.11793518066406,117.72352600097656,90.44856262207031
downtown_arguing_00,53,0,1,1,21.94178009033203,43.35013961791992,46.10562515258789,25.77460479736328,95.47994995117188,102.06590270996094,74.42017364501953,21.9522705078125,43.28227996826172,46.04792785644531,25.74625587463379,95.51124572753906,102.05896759033203,74.42261505126953
downtown_arguing_00,54,0,0,1,20.831327438354492,35.47245407104492,43.02915573120117,27.540327072143555,111.5482406616211,114.11778259277344,88.1167984008789,20.904151916503906,35.66046142578125,43.18821334838867,27.686750411987305,111.72884368896484,114.18318176269531,88.09611511230469
downtown_arguing_00,54,1,1,1,20.835205078125,40.7292366027832,43.30561447143555,23.723461151123047,77.7633056640625,81.86378479003906,57.98167037963867,20.858518600463867,40.71684265136719,43.31771469116211,23.74997901916504,77.7450180053711,81.86531829833984,57.98423385620117
downtown_arguing_00,55,0,0,1,20.702804565429688,35.03597640991211,43.447330474853516,28.240732192993164,113.19082641601562,115.8119125366211,91.54058837890625,20.688566207885742,35.03773498535156,43.409156799316406,28.191566467285156,113.26436614990234,115.88320922851562,91.55242156982422
downtown_arguing_00,55,1,1,1,21.86803436279297,41.85942840576172,43.21675491333008,24.038610458374023,68.05457305908203,71.22516632080078,50.110260009765625,21.77334976196289,41.73304748535156,43.06001281738281,23.90745735168457,67.94127655029297,71.07655334472656,50.10881042480469
downtown_arguing_00,56,0,0,1,21.26885223388672,36.590301513671875,44.411643981933594,28.338340759277344,101.92841339111328,104.4969253540039,77.04711151123047,21.267539978027344,36.59675216674805,44.39253234863281,28.30872917175293,101.93382263183594,104.47846984863281,77.04914093017578
downtown_arguing_00,56,1,1,1,20.541961669921875,37.170597076416016,37.48961639404297,22.10664939880371,67.01942443847656,69.79698944091797,54.532447814941406,20.538833618164062,37.19412612915039,37.52241897583008,22.118209838867188,67.01101684570312,69.7960433959961,54.5325813293457
downtown_arguing_00,57,0,0,1,22.37046241760254,39.1272087097168,46.296295166015625,29.366514205932617,108.72634887695312,109.85025787353516,80.2020492553711,22.337993621826172,39.0868034362793,46.28056716918945,29.367406845092773,108.68124389648438,109.83747863769531,80.20103454589844
downtown_arguing_00,57,1,1,1,19.67100715637207,35.84489822387695,35.90188980102539,21.8358097076416,57.57918167114258,59.205360412597656,46.396026611328125,19.628232955932617,35.82561111450195,35.89986038208008,21.848026275634766,57.56988525390625,59.2182502746582,46.389801025390625
downtown_arguing_00,58,0,0,1,22.43150520324707,39.444419860839844,46.65528869628906,28.9686222076416,105.04597473144531,106.91175079345703,75.55319213867188,22.411731719970703,39.414058685302734,46.61868667602539,28.9392147064209,105.01512145996094,106.87609100341797,75.55647277832031
downtown_arguing_00,58,1,1,1,19.985200881958008,36.382755279541016,35.46108627319336,21.74433708190918,56.159507751464844,57.11948776245117,44.19071578979492,19.998125076293945,36.37879943847656,35.4521369934082,21.74654197692871,56.16400909423828,57.11982345581055,44.192718505859375
downtown_arguing_00,59,0,0,1,22.50927734375,40.12548828125,46.90226364135742,27.906932830810547,102.32148742675781,104.57170867919922,72.7953872680664,22.508420944213867,40.105690002441406,46.90895080566406,27.93916130065918,102.313720703125,104.57887268066406,72.80390167236328
downtown_arguing_00,59,1,1,1,20.42608642578125,36.60873031616211,35.45952224731445,22.1224422454834,66.62230682373047,69.08976745605469,56.87563705444336,20.4205322265625,36.58884811401367,35.441646575927734,22.11591911315918,66.61152648925781,69.07677459716797,56.87358856201172
downtown_arguing_00,60,0,0,1,22.709762573242188,39.347049713134766,46.724605560302734,28.762496948242188,98.32125854492188,100.92520904541016,70.93900299072266,22.640026092529297,39.27500534057617,46.57969665527344,28.63328742980957,98.24314880371094,100.7876968383789,70.92906188964844
downtown_arguing_00,60,1,1,1,20.888267517089844,35.97441101074219,34.62457275390625,22.23834991455078,73.61309051513672,76.63119506835938,65.90434265136719,20.87929916381836,35.960792541503906,34.61521530151367,22.224843978881836,73.61225128173828,76.62661743164062,65.90570831298828
downtown_arguing_00,61,0,0,1,22.287410736083984,38.57770538330078,46.85301208496094,28.437870025634766,97.96126556396484,101.03960418701172,72.3072738647461,22.26721954345703,38.5723762512207,46.84199523925781,28.41261863708496,97.99305725097656,101.06575012207031,72.31995391845703
downtown_arguing_00,61,1,1,1,21.542295455932617,35.09765625,34.12667465209961,22.37887191772461,74.22492980957031,76.88923645019531,66.96568298339844,21.558534622192383,35.108001708984375,34.13459777832031,22.39964485168457,74.18648529052734,76.8668441772461,66.95794677734375
downtown_arguing_00,62,0,0,1,21.98689079284668,37.626155853271484,45.232173919677734,27.42277717590332,98.72496032714844,101.5338134765625,75.03553009033203,21.989763259887695,37.62485122680664,45.24681091308594,27.445545196533203,98.71263885498047,101.52455139160156,75.02561950683594
downtown_arguing_00,62,1,1,1,22.759963989257812,36.44850540161133,35.31516647338867,22.5924015045166,75.89663696289062,78.51541137695312,69.66667175292969,22.746681213378906,36.44426727294922,35.27998733520508,22.58161735534668,75.93878936767578,78.53099060058594,69.66397094726562
downtown_arguing_00,63,0,0,1,21.821439743041992,36.95720672607422,45.65919494628906,27.672603607177734,100.42854309082031,103.7182388305664,77.99858856201172,21.812280654907227,36.9630126953125,45.66370391845703,27.661096572875977,100.48115539550781,103.7833251953125,78.01660919189453
downtown_arguing_00,63,1,1,1,23.36408805847168,37.59959030151367,36.128662109375,23.227519989013672,84.59888458251953,88.13551330566406,77.06636810302734,23.38640022277832,37.61414337158203,36.11605453491211,23.192344665527344,84.5758056640625,88.09397888183594,77.04393768310547
downtown_arguing_00,64,0,0,1,22.312885284423828,38.02967834472656,46.91799545288086,28.30434226989746,104.64818572998047,108.1923828125,82.01750183105469,22.285377502441406,38.006202697753906,46.85320281982422,28.24059295654297,104.55828857421875,108.0792236328125,81.9876708984375
downtown_arguing_00,64,1,1,1,24.68662452697754,38.99555587768555,37.966129302978516,24.06394386291504,71.14091491699219,74.2010726928711,59.1591682434082,24.592681884765625,38.93172836303711,37.95302200317383,24.063268661499023,71.114990234375,74.23368072509766,59.18140411376953
downtown_arguing_00,65,0,0,1,22.38556671142578,39.4196891784668,49.1751823425293,28.28801727294922,96.86993408203125,101.59402465820312,75.5948715209961,22.391756057739258,39.39931869506836,49.201847076416016,28.347585678100586,96.8479995727539,101.58687591552734,75.60540008544922
downtown_arguing_00,65,1,1,1,25.130956649780273,41.13373565673828,41.12666320800781,25.669963836669922,88.68136596679688,94.40213012695312,76.55078125,25.15221405029297,41.13204574584961,41.08525085449219,25.672975540161133,88.62398529052734,94.2939453125,76.55915832519531
downtown_arguing_00,66,0,0,1,22.963909149169922,39.4350700378418,49.78272247314453,29.747251510620117,99.79168701171875,105.01028442382812,80.48703002929688,22.92829704284668,39.419105529785156,49.734214782714844,29.68203353881836,99.813720703125,104.99703216552734,80.48160552978516
downtown_arguing_00,66,1,1,1,26.190393447875977,40.97311019897461,40.319461822509766,28.00994873046875,85.86128997802734,90.72676086425781,75.35408020019531,26.16394805908203,40.94240951538086,40.3011589050293,27.98027801513672,85.90848541259766,90.80522155761719,75.35426330566406
downtown_arguing_00,67,0,0,1,22.96347999572754,40.36384201049805,50.46613693237305,29.959793090820312,93.77037048339844,99.0777816772461,74.0506820678711,22.954999923706055,40.355079650878906,50.41959762573242,29.896902084350586,93.78340148925781,99.05776977539062,74.05657958984375
downtown_arguing_00,67,1,1,1,26.236146926879883,39.75408172607422,38.7631721496582,28.28730010986328,83.79468536376953,88.29032897949219,73.65432739257812,26.23344612121582,39.75263214111328,38.74518966674805,28.271949768066406,83.76001739501953,88.24375915527344,73.65204620361328
downtown_arguing_00,68,0,0,1,23.112096786499023,41.43363952636719,50.5620002746582,28.742456436157227,88.60115814208984,93.26937103271484,68.63668060302734,23.10734748840332,41.406639099121094,50.58497619628906,28.824399948120117,88.52869415283203,93.21057891845703,68.6287841796875
downtown_arguing_00,68,1,1,1,25.755359649658203,38.55088806152344,36.441627502441406,27.241588592529297,88.69507598876953,92.6540756225586,83.29484558105469,25.714433670043945,38.517826080322266,36.414695739746094,27.21839714050293,88.76334381103516,92.76022338867188,83.2943115234375
downtown_arguing_00,69,0,0,1,23.4962215423584,41.824058532714844,52.12725830078125,30.57356834411621,100.68421173095703,105.45272827148438,81.10670471191406,23.559675216674805,41.88525390625,52.17295455932617,30.57345199584961,100.67560577392578,105.48387145996094,81.11266326904297
downtown_arguing_00,69,1,1,1,24.52678108215332,37.48809814453125,35.20671463012695,26.114280700683594,89.3591079711914,93.39556884765625,85.4453353881836,24.526899337768555,37.4805908203125,35.21088790893555,26.121061325073242,89.35243225097656,93.3836441040039,85.44857788085938
downtown_arguing_00,70,0,0,1,24.54952049255371,43.432769775390625,54.4121208190918,31.903568267822266,103.76350402832031,109.55583953857422,86.25048828125,24.52245330810547,43.35130310058594,54.366085052490234,31.896543502807617,103.93096923828125,109.67611694335938,86.26144409179688
downtown_arguing_00,70,1,1,1,23.55289077758789,36.22040939331055,33.91413879394531,24.47200584411621,82.66681671142578,85.09577941894531,80.21871948242188,23.57621192932129,36.24982452392578,33.92572021484375,24.4860782623291,82.67404174804688,85.11600494384766,80.21554565429688
downtown_arguing_00,71,0,0,1,26.015480041503906,44.49274826049805,55.975826263427734,33.30892562866211,107.20759582519531,113.58208465576172,87.16986083984375,25.965784072875977,44.463993072509766,55.946441650390625,33.263492584228516,107.16065216064453,113.53125762939453,87.16219329833984
downtown_arguing_00,71,1,1,1,24.134830474853516,35.875343322753906,32.44487380981445,24.16686248779297,76.86109924316406,78.5619888305664,75.30988311767578,24.139209747314453,35.8698844909668,32.45277786254883,24.191633224487305,76.86936950683594,78.57305908203125,75.31584167480469
downtown_arguing_00,72,0,0,1,26.356264114379883,45.49863815307617,57.1928825378418,33.77066421508789,113.91564178466797,121.83168029785156,93.26506042480469,26.36525535583496,45.5134162902832,57.22237014770508,33.78628921508789,113.92860412597656,121.85974884033203,93.25776672363281
downtown_arguing_00,72,1,1,1,23.615074157714844,33.11896896362305,30.311059951782227,23.540786743164062,69.64852142333984,69.95635223388672,69.87158203125,23.61832618713379,33.145050048828125,30.33159065246582,23.542848587036133,69.64827728271484,69.9615707397461,69.8665771484375
downtown_arguing_00,73,0,0,1,27.005477905273438,47.8253288269043,60.68437957763672,34.46072769165039,126.50874328613281,135.9046173095703,105.15711212158203,26.954774856567383,47.76919937133789,60.59321975708008,34.40922927856445,126.43562316894531,135.77793884277344,105.15789031982422
downtown_arguing_00,73,1,1,1,24.413883209228516,34.175621032714844,31.31984519958496,23.878555297851562,66.86259460449219,65.95995330810547,67.19971466064453,24.337385177612305,34.102577209472656,31.238710403442383,23.817276000976562,66.9030532836914,66.02882385253906,67.20538330078125
downtown_arguing_00,74,0,0,1,25.646638870239258,48.81925582885742,61.360469818115234,33.53174591064453,127.57745361328125,136.87110900878906,108.25099182128906,25.679824829101562,48.79557418823242,61.331886291503906,33.5448112487793,127.63546752929688,136.94886779785156,108.26558685302734
downtown_arguing_00,74,1,1,1,24.298002243041992,33.19757843017578,30.770381927490234,24.080379486083984,60.40461349487305,58.70518112182617,59.2879638671875,24.318256378173828,33.22372817993164,30.797550201416016,24.093032836914062,60.40168762207031,58.696617126464844,59.28865432739258
downtown_arguing_00,75,0,0,1,25.677900314331055,48.47937774658203,60.65347671508789,33.040679931640625,135.60879516601562,145.12400817871094,114.81434631347656,25.688661575317383,48.50795364379883,60.696659088134766,33.0658073425293,135.61996459960938,145.13653564453125,114.80950927734375
downtown_arguing_00,75,1,1,1,24.56155776977539,34.1605339050293,32.54353713989258,24.47501564025879,72.92393493652344,71.42893981933594,73.3778305053711,24.565532684326172,34.1634521484375,32.56418228149414,24.493919372558594,72.91783142089844,71.40404510498047,73.37617492675781
downtown_arguing_00,76,0,0,1,26.135534286499023,48.269920349121094,60.947052001953125,33.71897888183594,136.10714721679688,145.42349243164062,115.20472717285156,26.13491439819336,48.25299835205078,60.9276008605957,33.718719482421875,136.1154327392578,145.41871643066406,115.21000671386719
downtown_arguing_00,76,1,1,1,24.41566276550293,33.39513397216797,32.31709671020508,24.83007049560547,70.38825988769531,68.38662719726562,69.58827209472656,24.43016242980957,33.415103912353516,32.34776306152344,24.851049423217773,70.39009094238281,68.38204956054688,69.58061218261719
downtown_arguing_00,77,0,0,1,26.64116096496582,46.238929748535156,59.56036376953125,34.72601318359375,132.86622619628906,141.13604736328125,112.27816772460938,26.64292335510254,46.25322723388672,59.56575393676758,34.709835052490234,132.8715057373047,141.14505004882812,112.27316284179688
downtown_arguing_00,77,1,1,1,24.744510650634766,32.437713623046875,32.01853561401367,25.75668716430664,55.16501998901367,51.817745208740234,52.12183380126953,24.688695907592773,32.37798309326172,31.959623336791992,25.71840476989746,55.19182586669922,51.9047966003418,52.115596771240234
downtown_arguing_00,78,0,0,1,26.6057186126709,45.83312225341797,59.27480697631836,34.71136474609375,137.2635498046875,145.2900848388672,116.18748474121094,26.619340896606445,45.88739013671875,59.37037658691406,34.79751968383789,137.27037048339844,145.3450469970703,116.19033813476562
downtown_arguing_00,78,1,1,1,24.171104431152344,30.8382568359375,31.492029190063477,26.187856674194336,40.759483337402344,37.46846008300781,35.37083053588867,24.17483901977539,30.88214111328125,31.459131240844727,26.150348663330078,40.78982925415039,37.42778015136719,35.3750114440918
downtown_arguing_00,79,0,0,1,27.257259368896484,45.86541748046875,60.20479202270508,37.042118072509766,143.80105590820312,152.7215118408203,124.24185180664062,27.245134353637695,45.84678268432617,60.15507125854492,36.99140167236328,143.77731323242188,152.6907196044922,124.24454498291016
downtown_arguing_00,79,1,1,1,24.278425216674805,31.90218734741211,31.98979377746582,26.258625030517578,39.56885528564453,36.320796966552734,31.56578826904297,24.288301467895508,31.89139747619629,31.961652755737305,26.244464874267578,39.54645538330078,36.28618240356445,31.566041946411133
downtown_arguing_00,80,0,0,1,27.13550567626953,44.46495819091797,58.81694412231445,37.84100341796875,146.44497680664062,155.24522399902344,128.5771942138672,27.136554718017578,44.476619720458984,58.87320327758789,37.8869743347168,146.45101928710938,155.28668212890625,128.57554626464844
downtown_arguing_00,80,1,1,1,26.469898223876953,35.14567184448242,34.91957473754883,27.72825050354004,41.22572708129883,38.0521354675293,30.381481170654297,26.46446990966797,35.14177703857422,34.8405876159668,27.656436920166016,41.212886810302734,38.00593566894531,30.382831573486328
downtown_arguing_00,81,0,0,1,27.382246017456055,43.4273796081543,58.407936096191406,39.05774688720703,146.0374298095703,154.97462463378906,129.7626953125,27.32406234741211,43.372196197509766,58.31434631347656,38.95083999633789,146.0097198486328,154.91868591308594,129.76473999023438
downtown_arguing_00,81,1,1,1,29.219722747802734,38.08920669555664,38.46208572387695,30.091062545776367,45.29179000854492,42.99209213256836,35.990509033203125,29.164384841918945,38.1253547668457,38.60453796386719,30.143739700317383,45.340301513671875,43.07416534423828,35.988563537597656
downtown_arguing_00,82,0,0,1,25.97258949279785,40.91226577758789,54.61906814575195,36.663047790527344,139.81866455078125,147.67442321777344,124.97356414794922,25.939476013183594,40.87653732299805,54.573917388916016,36.61372375488281,139.8018798828125,147.64846801757812,124.9722671508789
downtown_arguing_00,82,1,1,1,30.0196590423584,39.53120040893555,40.756778717041016,30.756824493408203,56.41067123413086,54.822242736816406,49.31394577026367,30.1176815032959,39.5272216796875,40.710330963134766,30.79082679748535,56.347415924072266,54.74409484863281,49.31512451171875
downtown_arguing_00,83,0,0,1,23.478206634521484,36.713478088378906,48.854820251464844,32.48565673828125,137.6787109375,144.07679748535156,125.21660614013672,23.64459991455078,36.961273193359375,49.17328643798828,32.722267150878906,137.85008239746094,144.32501220703125,125.21088409423828
downtown_arguing_00,83,1,1,1,34.37192153930664,43.573150634765625,44.497310638427734,33.61825180053711,49.61554718017578,47.767333984375,39.03409957885742,34.323158264160156,43.512847900390625,44.49104309082031,33.65220260620117,49.578765869140625,47.75917434692383,39.037574768066406
downtown_arguing_00,84,0,0,1,23.36371612548828,37.583248138427734,50.096954345703125,33.41551971435547,139.08541870117188,145.6482391357422,129.09791564941406,23.266178131103516,37.420169830322266,49.88904571533203,33.25843811035156,139.0791778564453,145.58154296875,129.10702514648438
downtown_arguing_00,84,1,1,1,35.021202087402344,45.21882629394531,47.91350173950195,35.15517044067383,51.1139030456543,50.15009307861328,41.86225128173828,35.0189094543457,45.188140869140625,47.8192024230957,35.058433532714844,51.11095428466797,50.11481857299805,41.85002899169922
downtown_arguing_00,85,0,0,1,21.6170597076416,34.162715911865234,46.28447723388672,30.947729110717773,139.7325897216797,144.59596252441406,130.70603942871094,21.58198356628418,34.30397033691406,46.50724411010742,31.02190589904785,139.8330078125,144.8028106689453,130.69276428222656
downtown_arguing_00,85,1,1,1,35.27517318725586,44.79507827758789,48.98701477050781,35.90645217895508,54.409584045410156,54.597190856933594,48.86743927001953,35.289390563964844,44.829898834228516,49.00349807739258,35.909645080566406,54.44501495361328,54.604957580566406,48.870872497558594
downtown_arguing_00,86,0,0,1,21.336427688598633,35.24864959716797,48.251834869384766,31.66353416442871,140.26907348632812,145.69161987304688,130.7049102783203,21.371057510375977,35.286949157714844,48.19340896606445,31.58710479736328,140.31671142578125,145.72140502929688,130.7166748046875
downtown_arguing_00,86,1,1,1,35.914546966552734,46.865177154541016,51.52809143066406,36.678279876708984,52.60871124267578,53.048397064208984,45.37236022949219,35.9161376953125,46.84672927856445,51.491065979003906,36.65746307373047,52.60603713989258,53.029659271240234,45.36343765258789
downtown_arguing_00,87,0,0,1,23.424461364746094,36.92768478393555,52.334388732910156,37.089359283447266,139.9959716796875,146.06893920898438,130.1151580810547,23.34649085998535,36.885292053222656,52.22462844848633,36.90841293334961,139.93182373046875,145.95225524902344,130.09420776367188
downtown_arguing_00,87,1,1,1,35.19145584106445,46.60890579223633,51.29937744140625,35.864200592041016,55.95117950439453,55.80410385131836,50.630855560302734,35.166099548339844,46.59491729736328,51.17652130126953,35.71103286743164,55.91082000732422,55.665401458740234,50.64588165283203
downtown_arguing_00,88,0,0,1,24.455076217651367,39.63593292236328,56.61343765258789,38.687294006347656,130.57839965820312,138.28311157226562,119.65616607666016,24.501367568969727,39.690406799316406,56.75166320800781,38.828067779541016,130.6290283203125,138.39288330078125,119.66424560546875
downtown_arguing_00,88,1,1,1,32.04088592529297,43.06243133544922,48.065670013427734,32.70949172973633,46.9104118347168,46.921539306640625,42.453189849853516,32.0601806640625,43.05055618286133,48.23472595214844,32.940547943115234,46.906455993652344,47.062721252441406,42.440303802490234
downtown_arguing_00,89,0,0,1,28.095781326293945,41.16640090942383,61.04432678222656,45.55325698852539,119.18428039550781,130.8151397705078,106.96210479736328,27.553415298461914,40.70291519165039,60.39772415161133,44.67824935913086,119.12288665771484,130.48793029785156,106.955810546875
downtown_arguing_00,89,1,1,1,30.056943893432617,39.914642333984375,45.55587387084961,31.409700393676758,48.409698486328125,48.93201446533203,47.34440231323242,30.072250366210938,39.945587158203125,45.43040084838867,31.25725746154785,48.40874481201172,48.8074836730957,47.34963607788086
downtown_arguing_00,90,1,0,1,26.722740173339844,38.981773376464844,58.45033645629883,42.37423324584961,113.3060302734375,125.20272827148438,99.572998046875,26.602615356445312,38.9329948425293,58.17012023925781,42.092987060546875,113.25325775146484,124.90372467041016,99.58829498291016
downtown_arguing_00,90,0,1,1,29.967519760131836,39.61078643798828,44.740299224853516,30.675291061401367,53.97307205200195,53.779972076416016,54.036659240722656,29.961294174194336,39.58964538574219,44.771480560302734,30.74036979675293,53.9831428527832,53.823219299316406,54.036197662353516
downtown_arguing_00,91,0,0,1,27.503904342651367,36.14729690551758,54.109832763671875,41.88418960571289,94.3396987915039,105.85064697265625,78.97953796386719,27.376741409301758,36.00103759765625,54.17557907104492,41.89532470703125,94.31838989257812,106.03656768798828,78.99105834960938
downtown_arguing_00,91,1,1,1,30.185680389404297,40.28254699707031,46.238887786865234,31.381446838378906,56.7637825012207,56.96187210083008,59.0898323059082,30.186128616333008,40.279747009277344,46.22907257080078,31.37427520751953,56.76564025878906,56.961082458496094,59.08116912841797
downtown_arguing_00,92,0,0,1,28.240829467773438,36.21415710449219,51.85480499267578,41.7642822265625,93.72496032714844,103.26245880126953,76.25020599365234,28.342580795288086,36.23350143432617,51.961082458496094,41.951602935791016,93.6447525024414,103.3159408569336,76.25526428222656
downtown_arguing_00,92,1,1,1,30.61692237854004,41.21160125732422,47.019718170166016,32.15785217285156,75.91598510742188,76.83535766601562,76.42681884765625,30.634387969970703,41.22158432006836,47.038631439208984,32.15578079223633,75.97108459472656,76.9033203125,76.43636322021484
downtown_arguing_00,93,0,0,1,28.246051788330078,35.21989440917969,48.42448806762695,41.221675872802734,94.45820617675781,101.71292877197266,79.71870422363281,28.41452407836914,35.4837760925293,48.59648132324219,41.27808380126953,94.74575805664062,102.02729797363281,79.73465728759766
downtown_arguing_00,93,1,1,1,32.29098892211914,43.224998474121094,50.36341094970703,33.89284133911133,77.9032974243164,80.61590576171875,76.0405044555664,32.31132125854492,43.246089935302734,50.367210388183594,33.92121124267578,77.82352447509766,80.47506713867188,76.0408935546875
downtown_arguing_00,94,0,0,1,31.49081802368164,39.45090103149414,50.77642059326172,45.22303771972656,87.9754409790039,94.47293090820312,73.1003189086914,30.965198516845703,38.827667236328125,49.98977279663086,44.532596588134766,87.34192657470703,93.60855102539062,73.07469177246094
downtown_arguing_00,94,1,1,1,37.11966323852539,48.679962158203125,56.526756286621094,39.54349899291992,96.45091247558594,100.45880126953125,91.7536849975586,35.30899429321289,47.16788101196289,53.866947174072266,36.50862121582031,95.48668670654297,98.53006744384766,91.75067901611328
downtown_arguing_00,95,0,0,1,29.39019775390625,36.74010467529297,47.05030822753906,42.78427505493164,81.67874908447266,86.043212890625,72.1741943359375,29.471080780029297,36.8426399230957,47.14274215698242,42.86781311035156,81.78986358642578,86.21463775634766,72.1855697631836
downtown_arguing_00,95,1,1,1,30.233423233032227,43.27342987060547,47.2031364440918,29.154470443725586,102.84894561767578,103.97109985351562,101.11478424072266,30.726224899291992,43.700077056884766,47.910587310791016,29.731401443481445,103.2127914428711,104.6962661743164,101.11360931396484
downtown_arguing_00,96,0,0,0,28.724822998046875,37.1574592590332,47.131919860839844,41.91965103149414,90.95954895019531,92.6844253540039,87.14266204833984,28.724822998046875,37.1574592590332,47.131919860839844,41.91965103149414,90.95954895019531,92.6844253540039,87.14266204833984
downtown_arguing_00,96,1,1,0,29.420242309570312,42.607704162597656,46.22483825683594,28.1036376953125,96.72914123535156,97.73282623291016,95.2513427734375,29.420242309570312,42.607704162597656,46.22483825683594,28.1036376953125,96.72914123535156,97.73282623291016,95.2513427734375
downtown_arguing_00,97,1,0,0,27.14794921875,35.617000579833984,45.67066955566406,38.79281997680664,97.21851348876953,97.2048568725586,95.51592254638672,27.14794921875,35.617000579833984,45.67066955566406,38.79281997680664,97.21851348876953,97.2048568725586,95.51592254638672
downtown_arguing_00,97,0,1,0,29.07215690612793,43.978939056396484,46.26829528808594,27.355384826660156,116.14873504638672,117.96934509277344,113.93739318847656,29.07215690612793,43.978939056396484,46.26829528808594,27.355384826660156,116.14873504638672,117.96934509277344,113.93739318847656
downtown_arguing_00,98,0,0,0,27.635883331298828,37.371482849121094,47.40911102294922,39.49866485595703,93.41093444824219,91.17205810546875,92.32865142822266,27.635883331298828,37.371482849121094,47.40911102294922,39.49866485595703,93.41093444824219,91.17205810546875,92.32865142822266
downtown_arguing_00,98,1,1,0,28.568775177001953,43.2750358581543,45.744659423828125,27.550708770751953,119.17312622070312,121.42900085449219,117.66778564453125,28.568775177001953,43.2750358581543,45.744659423828125,27.550708770751953,119.17312622070312,121.42900085449219,117.66778564453125
downtown_arguing_00,99,0,0,0,28.20258331298828,37.468727111816406,46.34541702270508,38.41777038574219,102.92403411865234,100.41898345947266,100.3837890625,28.20258331298828,37.468727111816406,46.34541702270508,38.41777038574219,102.92403411865234,100.41898345947266,100.3837890625
downtown_arguing_00,99,1,1,0,28.572832107543945,44.416873931884766,45.42451095581055,26.21320915222168,116.93122100830078,119.3610610961914,116.32366943359375,28.572832107543945,44.416873931884766,45.42451095581055,26.21320915222168,116.93122100830078,119.3610610961914,116.32366943359375
